{"feature_names": ["LST_Celsius", "NDVI", "DewPoint_C", "AirTemp_F", "RH_C"], "feature_means": [31.51342117306079, 0.5071975157388071, 23.2469163297994, 83.64000587293113, 73.44466814921059], "feature_stds": [3.3417537049003117, 0.12792096035506945, 1.387530580777783, 4.382407396869901, 11.502041838392762], "class_labels": ["Caution", "Extreme Danger", "High Risk", "Low", "Moderate"]}